"barcode","SampleType","RawCount","logCPM","total_mutations"
"TCGA-2J-AAB1","Primary Tumor",45656,10.024002710614,68
"TCGA-2J-AAB4","Primary Tumor",66618,10.2531229109784,36
"TCGA-2J-AAB6","Primary Tumor",52712,10.563652144351,64
"TCGA-2J-AAB8","Primary Tumor",9282,8.4853769780876,52
"TCGA-2J-AAB9","Primary Tumor",9285,8.77266642538817,19
"TCGA-2J-AABA","Primary Tumor",10536,8.11648777992125,32
"TCGA-2J-AABE","Primary Tumor",14395,8.61144022384384,40
"TCGA-2J-AABF","Primary Tumor",39347,9.16535201897307,52
"TCGA-2J-AABH","Primary Tumor",35319,9.44275479055944,50
"TCGA-2J-AABI","Primary Tumor",28731,8.79854540502187,39
"TCGA-2J-AABK","Primary Tumor",36385,9.27953392673125,37
"TCGA-2J-AABO","Primary Tumor",15517,9.03851820119459,67
"TCGA-2J-AABP","Primary Tumor",7143,7.46616313432682,113
"TCGA-2J-AABR","Primary Tumor",21792,9.18623224821898,6
"TCGA-2J-AABT","Primary Tumor",11224,8.27729582024496,25
"TCGA-2J-AABU","Primary Tumor",14412,9.47538467049397,NA
"TCGA-2J-AABV","Primary Tumor",8823,9.26257086382314,7
"TCGA-2L-AAQA","Primary Tumor",41809,9.52800996705363,64
"TCGA-2L-AAQE","Primary Tumor",39058,9.71643568981091,38
"TCGA-2L-AAQI","Primary Tumor",45495,9.93773662564554,36
"TCGA-2L-AAQJ","Primary Tumor",67059,10.6572120546712,95
"TCGA-2L-AAQL","Primary Tumor",27376,9.69303328250266,66
"TCGA-2L-AAQM","Primary Tumor",8856,7.73633256465207,34
"TCGA-3A-A9I5","Primary Tumor",9991,7.99387891017146,31
"TCGA-3A-A9I7","Primary Tumor",34493,9.29932730423086,14
"TCGA-3A-A9I9","Primary Tumor",18647,8.7710995584398,112
"TCGA-3A-A9IB","Primary Tumor",34929,9.31796896425055,44
"TCGA-3A-A9IC","Primary Tumor",44192,9.94783105165036,37
"TCGA-3A-A9IH","Primary Tumor",49369,9.74625257652906,56
"TCGA-3A-A9IJ","Primary Tumor",4560,6.73450585559111,19
"TCGA-3A-A9IL","Primary Tumor",5797,6.87919512902458,5
"TCGA-3A-A9IN","Primary Tumor",6809,7.14340767770566,33
"TCGA-3A-A9IO","Primary Tumor",12639,8.12248856585701,10
"TCGA-3A-A9IR","Primary Tumor",6251,6.56308177627575,18
"TCGA-3A-A9IS","Primary Tumor",3809,6.31949592898026,37
"TCGA-3A-A9IU","Primary Tumor",53898,10.0421404931868,36
"TCGA-3A-A9IV","Primary Tumor",4593,6.88806859535418,51
"TCGA-3A-A9IX","Primary Tumor",18468,8.2775765835187,14
"TCGA-3A-A9IZ","Primary Tumor",13283,8.84391941535022,64
"TCGA-3A-A9J0","Primary Tumor",48444,10.205447951555,89
"TCGA-3E-AAAY","Primary Tumor",29540,9.14690447152756,27
"TCGA-3E-AAAZ","Primary Tumor",36295,9.22081419988005,52
"TCGA-F2-6879","Primary Tumor",25457,8.53468079712493,38
"TCGA-F2-6880","Primary Tumor",4641,7.87809910424672,1
"TCGA-F2-7273","Primary Tumor",37055,8.92567622442194,1
"TCGA-F2-7276","Primary Tumor",32349,8.95185795165236,NA
"TCGA-F2-A44G","Primary Tumor",47079,10.160043847286,48
"TCGA-F2-A44H","Primary Tumor",4288,7.72267758474516,18
"TCGA-F2-A7TX","Primary Tumor",57132,10.2853643503804,49
"TCGA-F2-A8YN","Primary Tumor",20885,9.00198368432295,58
"TCGA-FB-A4P5","Primary Tumor",14614,8.78460513932385,NA
"TCGA-FB-A4P6","Primary Tumor",14948,8.67112645291695,1
"TCGA-FB-A545","Primary Tumor",37033,10.2058749663972,NA
"TCGA-FB-A5VM","Primary Tumor",45579,10.0814075084757,58
"TCGA-FB-A78T","Primary Tumor",56579,9.91131237425506,51
"TCGA-FB-A7DR","Primary Tumor",28820,9.20508156824357,42
"TCGA-FB-AAPP","Primary Tumor",12330,8.73640830474615,114
"TCGA-FB-AAPQ","Primary Tumor",42405,10.7987224692937,44
"TCGA-FB-AAPS","Primary Tumor",14896,8.64707585655584,27
"TCGA-FB-AAPU","Primary Tumor",51124,9.83490394886476,87
"TCGA-FB-AAPY","Primary Tumor",31432,9.43851337839098,32
"TCGA-FB-AAPZ","Primary Tumor",25833,9.69842711884833,44
"TCGA-FB-AAQ0","Primary Tumor",54889,10.4395519067467,44
"TCGA-FB-AAQ1","Primary Tumor",22139,8.98159991073139,40
"TCGA-FB-AAQ2","Primary Tumor",50411,10.0313663947751,39
"TCGA-FB-AAQ3","Primary Tumor",14197,8.90316532617108,42
"TCGA-FB-AAQ6","Primary Tumor",11875,8.93817260032317,65
"TCGA-H6-8124","Primary Tumor",67651,10.1584338033561,39
"TCGA-H6-8124","Solid Tissue Normal",22354,8.46546337152516,39
"TCGA-H6-A45N","Primary Tumor",13072,8.69191285540095,24
"TCGA-H6-A45N","Solid Tissue Normal",16030,8.34479515594389,24
"TCGA-H8-A6C1","Primary Tumor",26641,9.14362862070484,27
"TCGA-HV-A5A3","Solid Tissue Normal",13725,8.3497378873998,40
"TCGA-HV-A5A3","Primary Tumor",13610,8.86453724100375,40
"TCGA-HV-A5A4","Primary Tumor",30917,9.47460697919189,42
"TCGA-HV-A5A5","Primary Tumor",16590,8.66128925955512,18
"TCGA-HV-A5A6","Primary Tumor",28791,9.40305855794099,49
"TCGA-HV-A7OL","Primary Tumor",31707,9.87086447672532,53
"TCGA-HV-A7OP","Primary Tumor",16334,9.5643751356823,103
"TCGA-HV-AA8V","Primary Tumor",24829,8.96278275884426,34
"TCGA-HV-AA8X","Primary Tumor",35182,9.4764505841503,56
"TCGA-HZ-7289","Primary Tumor",26920,9.61329145983087,82
"TCGA-HZ-7918","Primary Tumor",18604,8.44564880609596,133
"TCGA-HZ-7919","Primary Tumor",38948,9.45878820020759,61
"TCGA-HZ-7920","Primary Tumor",21924,8.19833425049312,1
"TCGA-HZ-7922","Primary Tumor",48844,9.94497466868043,48
"TCGA-HZ-7923","Primary Tumor",23227,8.1489770784848,NA
"TCGA-HZ-7924","Primary Tumor",69251,9.69947060565178,NA
"TCGA-HZ-7925","Primary Tumor",31257,8.89311736545788,29
"TCGA-HZ-7926","Primary Tumor",132584,10.9374221594532,40
"TCGA-HZ-8001","Primary Tumor",21843,8.53708570095318,47
"TCGA-HZ-8002","Primary Tumor",19173,8.18721049384647,9
"TCGA-HZ-8003","Primary Tumor",17759,8.54873302514749,13
"TCGA-HZ-8005","Primary Tumor",33732,9.56170716692961,60
"TCGA-HZ-8315","Primary Tumor",37627,9.06968075489958,66
"TCGA-HZ-8317","Primary Tumor",23609,8.88032671532666,13
"TCGA-HZ-8519","Primary Tumor",23216,7.80571174998388,NA
"TCGA-HZ-8636","Primary Tumor",37641,8.9393813796941,49
"TCGA-HZ-8637","Primary Tumor",32610,8.51531759909675,32
"TCGA-HZ-8638","Primary Tumor",42790,8.99342796876327,NA
"TCGA-HZ-A49G","Primary Tumor",23651,9.03124442249977,NA
"TCGA-HZ-A49H","Primary Tumor",19737,8.84213171151295,11
"TCGA-HZ-A49I","Primary Tumor",53063,10.2806414354155,51
"TCGA-HZ-A4BH","Primary Tumor",45479,9.84857346247094,65
"TCGA-HZ-A4BK","Primary Tumor",39753,9.6736078618317,53
"TCGA-HZ-A77O","Primary Tumor",28456,9.53371168875078,28
"TCGA-HZ-A77P","Primary Tumor",13052,7.74980425131854,45
"TCGA-HZ-A77Q","Primary Tumor",21177,9.14534545724588,55
"TCGA-HZ-A8P0","Primary Tumor",17831,8.93975020217852,42
"TCGA-HZ-A8P1","Primary Tumor",47856,10.3156686531203,64
"TCGA-HZ-A9TJ","Metastatic",70912,10.3783140516087,157
"TCGA-HZ-A9TJ","Primary Tumor",69886,10.8052536642477,157
"TCGA-IB-7644","Primary Tumor",32954,9.06465338930685,31
"TCGA-IB-7645","Primary Tumor",21100,8.5799931392154,29
"TCGA-IB-7646","Primary Tumor",46512,10.1832205772716,66
"TCGA-IB-7647","Primary Tumor",51060,9.29783695610793,52
"TCGA-IB-7649","Primary Tumor",24492,9.54548794844803,38
"TCGA-IB-7651","Primary Tumor",111792,10.5392000714978,17551
"TCGA-IB-7652","Primary Tumor",82926,10.0931663396914,97
"TCGA-IB-7654","Primary Tumor",83989,10.3667498098155,41
"TCGA-IB-7885","Primary Tumor",61363,9.93596136316497,44
"TCGA-IB-7886","Primary Tumor",42890,9.53788532774488,53
"TCGA-IB-7887","Primary Tumor",27360,8.79878052375407,29
"TCGA-IB-7888","Primary Tumor",19471,8.87393774754439,27
"TCGA-IB-7889","Primary Tumor",41209,9.58198002622737,44
"TCGA-IB-7890","Primary Tumor",47405,10.1840775682791,67
"TCGA-IB-7891","Primary Tumor",33762,9.33890148519679,27
"TCGA-IB-7893","Primary Tumor",44087,9.71888148942925,38
"TCGA-IB-7897","Primary Tumor",15872,7.7871411428238,3
"TCGA-IB-8126","Primary Tumor",12615,8.29949841229268,12
"TCGA-IB-8127","Primary Tumor",49727,9.10525197286486,43
"TCGA-IB-A5SO","Primary Tumor",76081,10.2957152775083,26
"TCGA-IB-A5SP","Primary Tumor",32723,9.64103031806058,50
"TCGA-IB-A5SQ","Primary Tumor",25522,9.06906290971141,35
"TCGA-IB-A5SS","Primary Tumor",67739,10.3610614706731,38
"TCGA-IB-A5ST","Primary Tumor",30164,9.13062394505063,7
"TCGA-IB-A6UF","Primary Tumor",20479,8.69690448058782,57
"TCGA-IB-A6UG","Primary Tumor",20892,8.83227657291587,67
"TCGA-IB-A7LX","Primary Tumor",29363,9.12645456670528,38
"TCGA-IB-A7M4","Primary Tumor",55726,10.3534599974426,59
"TCGA-IB-AAUM","Primary Tumor",11324,8.22611589934231,15
"TCGA-IB-AAUN","Primary Tumor",28264,9.40796341290681,31
"TCGA-IB-AAUO","Primary Tumor",35395,9.45182558425199,46
"TCGA-IB-AAUP","Primary Tumor",20173,8.45794692548395,33
"TCGA-IB-AAUQ","Primary Tumor",23382,9.21269252058437,62
"TCGA-IB-AAUR","Primary Tumor",23685,8.70691961265775,4
"TCGA-IB-AAUS","Primary Tumor",11577,7.89732476764129,1
"TCGA-IB-AAUT","Primary Tumor",15856,8.60602409713236,1
"TCGA-IB-AAUU","Primary Tumor",55691,10.0582842281672,45
"TCGA-IB-AAUV","Primary Tumor",8004,7.06526816123994,NA
"TCGA-IB-AAUW","Primary Tumor",29093,8.83152110562244,1
"TCGA-L1-A7W4","Primary Tumor",63224,10.2256474105262,NA
"TCGA-LB-A7SX","Primary Tumor",20744,8.50710688810252,112
"TCGA-LB-A8F3","Primary Tumor",27953,9.43146056138621,39
"TCGA-LB-A9Q5","Primary Tumor",13139,9.02791402555953,14
"TCGA-M8-A5N4","Primary Tumor",37583,9.91936350873296,33
"TCGA-OE-A75W","Primary Tumor",59372,10.3929333943991,88
"TCGA-PZ-A5RE","Primary Tumor",47856,9.90134398634404,28
"TCGA-Q3-A5QY","Primary Tumor",32157,9.39981005406106,2
"TCGA-Q3-AA2A","Primary Tumor",26813,9.6906197194937,23
"TCGA-RB-A7B8","Primary Tumor",21623,9.01935687398592,50
"TCGA-RB-AA9M","Primary Tumor",49890,9.81485386971059,23
"TCGA-RL-AAAS","Primary Tumor",16709,8.58468788674361,NA
"TCGA-S4-A8RM","Primary Tumor",29988,9.01810565151315,49
"TCGA-S4-A8RO","Primary Tumor",73088,10.7117428044502,67
"TCGA-S4-A8RP","Primary Tumor",18082,8.52577687223771,31
"TCGA-US-A774","Primary Tumor",23991,8.80059570621856,21
"TCGA-US-A776","Primary Tumor",17801,8.5179812298409,89
"TCGA-US-A779","Primary Tumor",31315,9.45984842275624,30
"TCGA-US-A77E","Primary Tumor",42807,9.65317307713969,77
"TCGA-US-A77G","Primary Tumor",40930,9.69926568659243,35
"TCGA-US-A77J","Primary Tumor",20648,9.00500692923026,NA
"TCGA-XD-AAUG","Primary Tumor",8870,7.94185735520482,16
"TCGA-XD-AAUH","Primary Tumor",15453,8.32141575051642,13
"TCGA-XD-AAUI","Primary Tumor",40939,9.72395014052266,33
"TCGA-XD-AAUL","Primary Tumor",89298,10.7280966887135,37
"TCGA-XN-A8T3","Primary Tumor",16420,8.43851379953116,44
"TCGA-XN-A8T5","Primary Tumor",30115,9.53261345250383,14
"TCGA-YB-A89D","Solid Tissue Normal",24498,9.09849036850509,28
"TCGA-YB-A89D","Primary Tumor",36710,9.71940961696713,28
"TCGA-YH-A8SY","Primary Tumor",21289,9.11009286192029,57
"TCGA-YY-A8LH","Primary Tumor",45398,9.77676475274033,68
"TCGA-Z5-AAPL","Primary Tumor",30570,9.41290361225033,8
